node,specified_qmax_m3s,branch_node,branch_safe_capacity_m3s,demand_m3,first_positive_time_h,close_time_h,final_supplied_m3,demand_satisfied
71,20.000,4372,70.656,250000.000,0.703056,5.243056,250000.000,True
89,20.000,4384,88.319,300000.000,0.863889,6.831111,300000.000,True
150,5.000,4643,10.915,60000.000,1.495278,6.217222,60000.000,True
194,5.000,4673,10.915,80000.000,1.993889,7.644167,80000.000,True
287,12.000,4396,88.319,160000.000,3.458611,9.454167,160000.000,True
349,5.000,4707,10.915,50000.000,4.443611,9.196944,50000.000,True
383,5.000,4730,10.915,40000.000,5.122222,9.381667,40000.000,True
